lookup_code,brand_name,item_name,size
7615000014,ACT II,ACT II HOT AND SPICY POPCORN,12.7 OZ
4801400837,AFTERSHOCKS,AFTER SHOCK POP CANDY PEG,1.06 OZ
74298712261,AMAZONAS,AMAZONAS MORRO SEEDS,8 OZ
74298712620,AMAZONAS,AMAZONAS GARLIC SAUCE,8 OZ
5231930524,ARCTIC GLACIER,ARCTIC STRAWBERRY SWIRL ICE CR,5 QT
61300875645,ARIZONA TEA,ARIZONA WATERMELON,22 OZ
85000034402,ARRIBA CHELADA,ARRIBA CHELADA SHRIMP & SEA SALT,32 OZ
85000034410,ARRIBA CHELADA,ARRIBA CHELADA SPICY SHRIMP,32 FL
85000034411,ARRIBA CHELADA,ARRIBA SPCY CHELADA MANGO,32 FL
#N/A,ARROZ JASMINE,RICE JASMINE 20 LB,20 LB
7502004619,AVENT,AVENT BOTTLE BRUSH,1 CT
750222681422,BABY LUCAS,LUCAS BABY WATERMELON,10 CT
85654200404,BAJA MICHELADAS,BAJA MICHELADA MANGO,24 OZ
61076400031,BANG,BANG COTTON CANDY,16 OZ
20058000000,BAR-M,BAR M ROAST BEEF TOP ROUND,LB
1590006375,BAR'S,BAR S LOOP SMKED SAUSAGE,13 OZ
1590006376,BAR'S,BAR-S LOOP POLSK KLBSA SAUSAGE,13 OZ
1590007061,BAR'S,BAR S HRDWD SMKED BACON,12 OZ
1590007063,BAR'S,BAR S HRDWD SMKED THCT BACON,12 OZ
1590006624,BAR'S,BAR-S DELI SHAVED TURKEY FRESH PACK,4 OZ
1590006956,BAR'S,BAR-S TURKEY FRANKS,3 LB
1590006623,BAR'S,BAR-S DELI SHAVED HONEY HAM 2 PK,4 OZ
75752804636,BARCEL,ARTISAN STYLE CHIPS FUEGO,2.05 OZ
75752804638,BARCEL,ARTISAN STYLE CHIPS JALAPENO,2.05 OZ
75752804828,BARCEL,TAKIS POP! NACHO RTE POPCORN,6.7 OZ
88567761110,BASIN GOLD,ONION WHITE BAG 3LB,3 LB
87575400931,BAUDUCCO,BAUDUCCO SUGAR FREE CHOC WFR,5 OZ
87575400932,BAUDUCCO,BAUDUCCO SUGAR FREE VANIL WF,5 OZ
87575400829,BAUDUCCO,BAUDUCCO STRAWBERRY WAFERS,5 OZ
3700556732,BENE CASA CLASSICS,BC BASTING BRUSH SET,2 CT
3700565458,BENE CASA CLASSICS,BC GARLIC PRESS NICKLE FINISH,1 CT
73274801725,BENY,BENY PALETA MANGO,4.59 OZ
73274801727,BENY,BENY LOCOCHAS MANGO,5.1 OZ
73274801824,BENY,BENY LOCOCHA MANGO 60 CT,16.93 OZ
4179021426,BERTOLLI,BERTOLLI XTR VRGN OLIVE OIL,25.36 FL
4179022093,BERTOLLI,BERTOLLI XTRA LT OLIVE OIL,25.36 FL
7064002353,BLUE BUNNY,BB MINI BARS STRAWBERRY CHEESECAKE,6 PK
7064002351,BLUE BUNNY,BB BOMBPOP CANDY CLASH,12 PK
7064002352,BLUE BUNNY,BB MINI BARS CHOCOLATE CRUMBLE,6 PK
#N/A,BLUE DRAGON,BLUE DRAGON SWEET CHILI SAUCE MANGO,10.50 OZ
85817600242,BODYARMOR,BODYARMOR WATERMELON STRAWBERR,16 OZ
1254691758,BUBBLICIOUS GUM,BUBBLICIOUS WATERMELON GUM,5 CT
1580009015,C & H,C&H SUGAR GRANLT TUB,3.5 LB
7456200518,CACIQUE,CACIQUE PREMIUM PORK CHORIZO,12 OZ
7456200533,CACIQUE,CACIQUE RANCHERO CHORIZO BEEF,9 OZ
7794800907,CALIDAD,CALIDAD WHITE TORTILLA CHIPS,11 OZ
7794800909,CALIDAD,CALIDAD CHIPS YELLOW ROUND,24 OZ
20053200000,CARDENAS,CARDENAS PORK HAM,LB
20057200000,CARDENAS,PORK CHORIZO,LB
20057400000,CARDENAS,CARDENAS PORK CHORIZO BULK,LB
81137116512,CARDENAS,CARDENAS HOT 5 OZ PORK RINDS,5 OZ
5683,CARDENAS,CHOCOLATE DIPPED STRAWBERRIES,1 OZ
5683,CARDENAS,CHOCOLATE DIPPED STRAWBERRIES,1 OZ
#N/A,CARDENAS,MANZANA CUBIERTA DE CHOCOLATE,3 OZ
20580200000,CARDENAS,ROSCA DE CHOCOLATE 30 OZ,30 OZ
29205400000,CARDENAS,PASTEL DE DBL CHOCOLATE 44 OZ,44 OZ
750302793349,CARDENAS,CARAMEL KETTLE POPCORN,5.8 OZ
84259512175,CELLUCOR C4,C4 ENERGY STARBURST STRAWBERRY,16 OZ
88939200031,CELSIUS,CELSIUS ORANGE SPARKLING DRINK,4X12 OZ
#N/A,CHATA,CHATA TURKEY CHILORIO IN PO,8.8 OZ
88944500139,CHATA,CHATA CHILORIO PORK,13.05 OZ
2840070148,CHEETOS,XXVL SNGL SRE CHEETOS CHILI& CHS BOL,2.38 OZ
5228720023,CHEF MERITO,CHEF MERITO GARLIC SALT,4.5 OZ
5228720028,CHEF MERITO,CHEF MERITO BLACK PEPPER,6.75 OZ
5228720064,CHEF MERITO,CHEF MERITO BLACK PEPPER,6.75 OZ
5228740001,CHEF MERITO,CHEF MERITO LEMON PEPPER,2 OZ
5228720083,CHEF MERITO,CHEF MERITO SALT&LEMON &CHILI,2.75 OZ
85283800562,CHLOE'S,CHLOE'S STRWBRY MANGO AVENGERS POPS,10 CT
85283800573,CHLOE'S,CHLOE'S CHERRY GRAPE VARIETY AVENGER,10 CT
85283800574,CHLOE'S,CHLOE'S STRWBRY LEMON SPIDERMAN POPS,10 CT
81829001932,CHOBANI,CHOBANI FLIP STRAWBERRY CHEESECAKE,4.5 OZ
85380700503,CHOSEN FOODS,CHOSEN FO AVOCADO OIL SPRAY,4.7 FL
7888373068,CLEMENTE JACQUES,CLEMENTE AVOCADO SAUCE W/LIME,12 .3 OZ
7144476428,CONTINENTAL AMERICAN CORP,12IN RND KIWI LIME,10 CT
3183420028,CONTINENTAL CANDLE CO,SOLID ORANGE WAX CANDLE,1 CT
81162002063,CORE POWER,CORE POWER ELITE CHOCOLATE 42 GM,14 OZ
75752804568,CORONADO,VERO MANGO & PALETA,40 CT
869014605956,COSBY,COSBY CANDY TOYS,1 CT
869014605956,COSBY,COSBY CANDY TOYS,1 CT
5273807211,CUETARA,CUETARA TARTA STRAWBERRY COOKIES,11.64 OZ
5273807045,CUETARA,CUETARA OREJITAS COOKIES,8.82 OZ
5273807271,CUETARA,CUETARA TARTA BLACKBERRY COOKIES,11.64 OZ
81675102210,CUTWATER SPIRITS,CUTWATER MANGO MARGARITA CANS,4X12 OZ
73525701312,D'GARI,D'GARI BLUEBERRY,4.2 OZ
3663202643,DANNON,DANNON ACTIVIA STRAWBERRY 4 PK,4X7 OZ
3077209400,DAWN,DAWN ULTRA APPLE BLOSSOM,18 OZ
3077209401,DAWN,DAWN ULTRA ORANGE,18 OZ
2400052366,DEL MONTE,DEL MONTE MUSHROOM PASTA SAUCE,24 OZ
2400052368,DEL MONTE,DEL MONTE TOMATO BASIL PASTA S,24 OZ
82979301003,DEL REAL,DEL REAL PORK CARNITAS,15 OZ
82979301113,DEL REAL,DEL REAL PORK CHILE VERDE,15 OZ
82979302003,DEL REAL,DEL REAL BEEF BARBACOA,15 OZ
82979302133,DEL REAL,DEL REAL SHREDDED BEEF,15 OZ
82979304992,DEL REAL,DEL REAL SPANISH RICE,24 OZ
1689843518,DON JOSE,DON JOSE STRAWBERRY HORCHATA,128 OZ
81442700033,DON SAZON,DON SAZON SHRIMP SEASONING,5 OZ
81442700019,DON SAZON,DON SAZON LEMON PEPPER,14 OZ
7800000586,DR PEPPER,DR PEPPER,16 OZ
7800001101,DR PEPPER,DR PEPPER DIET,1.25 LT
7800008239,DR PEPPER,DR PEPPER 1.25 LT,1.25 LT
82020200087,EL ALTENO,EL ALTENO GRANOLA HONEY ALMOND,16 OZ
81758501091,EL COMAL,EL COMAL COMALITO FLOUR T 14CT,12.80 OZ
81758501137,EL COMAL,EL COMAL WHOLE WHEAT FLOUR TORTILLA,26.7 OZ
750302134938,EL GRAN CHAPARRAL,CHAPARRAL PRESSED PORK RINDS 16OZ,16 OZ
4274317991,EL MEXICANO,EL MEXICANO BEEF CHORIZO,9 OZ
20011100000,EL MEXICANO,EL MEXICANO PORK HAM,LB
4274312476,EL MEXICANO,EL MEXICANO PECAN CEREAL SMTH,7 OZ
4274317059,EL MEXICANO,EL MEXICANO DRNKBL YGRT MANGO,28 OZ
4274319135,EL MEXICANO,LATIN FUSION PINK GUAVA,16.9 OZ
4274328059,EL MEXICANO,EM APPLE CIDER VINEGAR,32 OZ
4274333012,EL MEXICANO,EL MEXICANO SERENATAS COOKIES,23.28 OZ
89971900208,EL ROSAL,EL ROSAL ALL PURPOSE FLOUR,4.4 LB
85260500001,EL SUPER LEON,EL SUPER LEON MANGO CHILE,1.6 OZ
85260500095,EL SUPER LEON,EL SUPER LEON BURRITO MANGO,2.5 OZ
85260500024,EL SUPER LEON,EL SUPER LEON COCONUT CANDY,2.9 OZ
85260500102,EL SUPER LEON,ESL ALFAJOR COCONUT CANDY,3.5 OZ
88772500000,ELECTROLIT,ELECTROLIT BEV GRAPE,21 OZ
88772500054,ELECTROLIT,ELECTROLIT GUAVA DRINK,21 OZ
88772500070,ELECTROLIT,ELECTROLIT ZERO LEMON BREEZE,21 OZ
88772500130,ELECTROLIT,ELECTROLIT BLUE RASPBERRY,21 OZ
75686917638,ELEPHANT PRIDE,ELEPHANT PRIDE JAZMIN RICE,5 LB
4130300397,ESSENTIAL EVERYDAY,EED HONEY BBQ SAUCE,18 OZ
4130301928,ESSENTIAL EVERYDAY,EED VEGETABLE OIL,24 FL
4130301936,ESSENTIAL EVERYDAY,EED CANOLA OIL,24 FL
4130301375,ESSENTIAL EVERYDAY,EED CANDLE APPLE N SPC,4 OZ
3218485034,FAMILY ORCHARD,FAMILY ORCHARD APPLE DRINK,128 OZ
85516600704,FAMOSA BEER,SOUTHNORTE NO GUEY MANGO IPA,6X12 OZ
7473402798,FARAON,FARAON LONG GRAIN RICE,32 OZ
7473402801,FARAON,FARAON RICE,5 LB
7473431313,FARAON,FARAON CHIA DRINK PAPAYA GLASS,290 ML
7473431356,FARAON,FARAON CHIA DRINK MANGO GLASS,290 ML
5050000228,FARMER JOHN,FARMER JOHN MAPLE SAUSAGE 8OZ,8 OZ
5050000227,FARMER JOHN,FARMER JOHN PORK LINKS,8 OZ
#N/A,FEAST,RAW BROKEN SHRIMP 2LB BAG,2 LB
20055400000,FOSTER FARMS,FOSTER FARMS OVEN ROASTED HAM,LB
20055600000,FOSTER FARMS,FOSTER FARMS HICKORY TURKEY BREAST,LB
20055700000,FOSTER FARMS,FOSTER FARMS MESQUITE TURKEY BREAST,LB
85000034427,FRESQUITA,FRESQUITA APPLE,12 OZ
20053800000,FUD,FUD SELECT HAM,LB
20055100000,FUD,FUD TURKEY HAM LOW SODIUM,LB
20055200000,FUD,FUD COOKED HAM LOW SODIUM,LB
64523005673,FUD,FUD ORIGINAL HAM,2 LB
64523000719,FUD,FUD ORIGINAL BACON,12 OZ
64523001118,FUD,FUD SMOKED SELECT BACON,8.8 OZ
64523005677,FUD,FUD JALAPENO SMOKED SAUSAGE,36 OZ
64523005868,FUD,FUD SPICY GRILL SAUSAGE,12 OZ
20054200000,FUD,FUD ORIGINAL PORK HAM,LB
20056100000,FUD,SPICY PORK HEADCHEESE,LB
5200004317,GATORADE,GATORADE ZERO LEMON LIME,8X20 OZ
5200004318,GATORADE,GATORADE ZERO ORANGE,8X20 OZ
5200005062,GATORADE,GATORLYTE WATERMELON,20 OZ
5200013490,GATORADE,GATORADE STRAWBERRY WATERMELON,28 OZ
4650004058,GLADE,GLADE APPLE CINN AERO,8.3 OZ
7314115004,GLICO,GLICO POCKY CHOCOLATE STICKS,1.41 OZ
81062803008,GOLDEN ROAD,GOLDEN ROAD MANGO CART,25 OZ
85794500305,GRAN PONCHE MEXICANO,GRAN PONCHE POMEGRANATE,750 ML
73304605910,GRILL WORX,GW BBQ BRUSH SHRT,1 CT
4856400026,GUERRERO,"GUERRERO FLOUR ZERO NET CARB 4.5""",10 OZ
4856422011,GUERRERO,GUER WHOLE WHEAT FLOUR TORTILL,35 OZ
1115201051,HAPI,HAPI COOKIES FORTUNE,4 OZ
3077206284,HEAD & SHOULDERS,H&S 2N1 GREEN APPLE,12.5 FL OZ
3077206350,HEAD & SHOULDERS,H&S SHAMPOO GRN APPLE,20.7 FL OZ
#N/A,HELADOS MEXICO,HM BOLIS STRAWBERRY CREAM,4.2 OZ
7318301025,HOFFY,HOFFY CALIENTE BACON WRAPPED H,14 OZ
7318301581,HOFFY,HOFFY SMOKED HOT SAUSAGE 2LB,2 LB
7318301582,HOFFY,HOFFY SMOKED MILD SAUSAGE 2LB,2 LB
7318301583,HOFFY,HOFFY LOUISIANA SAUSAGE 2LB,2 LB
7318302303,HOFFY,HOFFY THICK BACON,12 OZ
3760011656,HORMEL,HORMEL BLCK LBL THCK CT BACON 16OZ,16 OZ
3760021654,HORMEL,HORMEL BLACK LABEL BACON 16OZ,16 OZ
8068684602,HORNITOS,HORNITOS SELTZER LIME,4X355 ML
4012950108,ISLAND SNACKS,FS MEXICAN PUMPKIN SEEDS,10 OZ
4012950041,ISLAND SNACKS,FS CHILE LEMON PEANUTS,17 OZ
4012950089,ISLAND SNACKS,FS PEACH RINGS,18 OZ
4012950017,ISLAND SNACKS,FS CHILI MANGO,9 OZ
1708287631,JACK LINK'S,JACK LINKS ORIGINAL BEEF JERKY,2.85 OZ
83845200544,JANS,JANS RICE JASMINE,4 LB
9047800696,JARRITOS,JARRITOS GRAPEFRUIT PET BTL,524 ML
9047800697,JARRITOS,JARRITOS LIME PET BTL,524 ML
8906834539,JELLEY BROWN,JELLEY BROWN SUGAR FREE,12X3.5 OZ
20048200000,JIMENEZ FOODS,JIMENEZ PORK LONGANIZA,LB
83474500470,JIMENEZ FOODS,JIMENEZ SEASONED PORK RINDS 16OZ,16 OZ
83474500471,JIMENEZ FOODS,JIMENEZ SEASONED PORK RINDS 32OZ,32 OZ
83474500472,JIMENEZ FOODS,JIMENEZ SEASONED PORK RINDS 64OZ,64 OZ
83474500474,JIMENEZ FOODS,JIMENEZ SEASONED PORK SKIN MIX 32OZ,32 OZ
38137003296,JOHNSON'S BABY,J&J BABY OIL GEL,6.5 OZ
4133400163,JONNY CAT,JONNY CAT LITTER NAT UNSCENTED,10 LB
5283311287,JOSEPH FARMS,JOSEPH FARMS PEPPER JACK,8 OZ
7640606140,JUMEX,JUMEX MANGO MINIBRIC,8X8.45 OZ
7640606143,JUMEX,JUMEX PEACH MINIBRIC,8X8.45 OZ
750230395003,KANICA,KANICA AVOCADO & SAVILA SHAMP,13.5 OZ
750230395004,KANICA,KANICA AVOCADO & WHEAT GEL,9.29 OZ
3800019807,KELLOGG'S,KELLOG CHOCO KRISPIS CEREAL,23.3 OZ
3800028188,KELLOGG'S,KELLOGGS APPLE JACKS LARGE,13.2 OZ
88890301028,KERN'S,KERNS FRIDGE 12PK MANGO/PEACH,12X11.5 OZ
88890334268,KERN'S,KERNS PEACH TETRA,64 OZ
88890334568,KERN'S,KERNS MANGO TETRA,64 OZ
88890334630,KERN'S,KERNS APRICOT TETRA,64 OZ
750302793315,KETTLE,KETTLE POPCORN SEA SALT W/SALSA,5.5 OZ
7910051849,KIBBLES 'N BITS,KBL N BTS DRY DOG FOOD ORGNL,3.5 LB
75417783040,KLASS,KLASS ATOLE STRAWBERRY,1.52 OZ
75417783039,KLASS,KLASS ATOLE CHOCOLATE,1.52 OZ
4800101168,KNORR,KNORR BEEF BOUILLON,32 OZ
4800101521,KNORR,KNORR GARLIC ZERO SALT BOUILLON,2.6 OZ
1184812416,LA ANITA,LA ANITA SALSA MACHA MORITA PEPPER,8.1 OZ
7639705147,LA COSTENA,LA COSTENA TOREADOS WHL PEPPER,7.7 OZ
3232700024,LA FIESTA,LF CANE SUGAR 9.5OZ,9.5 OZ
3232700118,LA FIESTA,LF PUMPKIN SEEDS 1OZ,1 OZ
3232700035,LA FIESTA,LF MORITA CHILI 2.25OZ,2.25 OZ
3232700240,LA FIESTA,LF CALIFORNIA CHILI PODS 8OZ,8 OZ
3232700802,LA FIESTA,LF CHILI DE ARBOL GROUND 0.87OZ,0.87 OZ
3232700804,LA FIESTA,LF CALIFORNIA MILD CHILI 1OZ,1 OZ
3232700816,LA FIESTA,LF CALIFORNIA CHILI PODS 2.5OZ,2.5 OZ
3232700881,LA FIESTA,LF MULATO CHILI PODS 2OZ,2 OZ
3232700894,LA FIESTA,LF TEPIN CHILI 0.25OZ,0.25 OZ
3232702026,LA FIESTA,LF CHILI FOR FRUIT 2OZ,2 OZ
3232700064,LA FIESTA,LF GARLIC GRANULATED 1.5OZ,1.5 OZ
3232700127,LA FIESTA,LF AVOCADO LEAVES 0.25OZ,0.25 OZ
3232700803,LA FIESTA,LF WHOLE BLACK PEPPER 1.25OZ,1.25 OZ
3232700805,LA FIESTA,LF CRUSHED RED PEPPER 0.75OZ,0.75 OZ
3232700838,LA FIESTA,LF ONION GRANULATED 0.62OZ,0.62 OZ
3232700839,LA FIESTA,LF GARLIC SALT 1.5OZ,1.5 OZ
3232700842,LA FIESTA,LF GROUND BLACK PEPPER 0.87OZ,0.87 OZ
3232700874,LA FIESTA,LF GROUND WHITE PEPPER 0.5OZ,0.5 OZ
3232702037,LA FIESTA,LF CUMIN & BLACK PEPPER 1.5OZ,1.5 OZ
3232702802,LA FIESTA,LF STRAWBERRY AND HAZELNUT 2OZ,2 OZ
3232702803,LA FIESTA,LF STRAWBERRY AND VANILLA 2OZ,2 OZ
3232702809,LA FIESTA,LF STRAWBERRY GUMMIES 2OZ,2 OZ
3232702831,LA FIESTA,LF MANGO TAMARIND CANDY 1.9OZ,1.9 OZ
3232700120,LA FIESTA,LF RAISINS 7OZ,7 OZ
3232700825,LA FIESTA,LF RAISINS 2OZ,2 OZ
3232702808,LA FIESTA,LF TAMARIND GUMMIES 2OZ,2 OZ
3232702812,LA FIESTA,LF TAMARIND MEXICAN GUMMIES 1.9OZ,1.9 OZ
3232702822,LA FIESTA,LF HARD CANDY CHILI FILLED 2OZ,2 OZ
76777803068,LA MICHOACANA,LA MICH MANGO HELADA BARS BAG,9 CT
76777800002,LA MICHOACANA,LA MICH STRAWBERRY IC BAR,1 CT/4 OZ
76777800008,LA MICHOACANA,LA MICH MANGO IC BAR,1 CT/4 OZ
3862900221,LA MODERNA,LA MODERNA ANIMALITOS COOKIES,14.1 OZ
1880405443,LA VAQUITA,LA VAQUITA TOFFEE CANDY,4 OZ
1880405551,LA VAQUITA,LA VAQUITA CARAMELS CANDY,5 OZ
81939302125,LALA,LALA STRAWBERRY & CREAM CUP,4 OZ
4175500224,LANGERS,LANGERS MANGO ORG PASSION FRT,64 OZ
4175500268,LANGERS,LANGERS 5 CALORIE MANGO,64 OZ
4175500850,LANGERS,LANGER CRANBERRY POMEGRANATE,64 FL
4175501209,LANGERS,LANGERS PINE/ORANGE/GUAVA 3 L,101.4 OZ
7889577001,LEEKUMKEE,LEEKUMKEE CHILI GARLIC SAUCE,8.00 OZ
611123910004,MADRIGAL,MADRIGAL SARDINES IN SPICY OIL,43X8 OZ
1740022318,MAHATMA,MAHATMA CLNTR LM JSMN RICE,8.8 OZ
4240038986,MALT-O-MEAL,MOM COCO ROOS CEREAL,32 OZ
4240039559,MALT-O-MEAL,MOM WAFFLE CRUNCH CEREAL,31 OZ
4240040758,MALT-O-MEAL,MOM CEREAL GOLDN PUFFS,17.7 OZ
7468300551,MAPLE GROVE FARMS,MAPLE GRV 100% PURE SYRUP,12 OZ
7432309160,MARINELA,MARINELA TARTINAS STRAWBERRY,14.08 OZ
79806881952,MARIO CHELADA,MARIO CHELADA WATERMELON MIX CUP,24 OZ
79806881953,MARIO CHELADA,MARIO CHELADA MANGO MIX CUP,24 OZ
2840071296,MATADOR,JACK LINKS FLAMIN HOT JERKY,2.65 OZ
2840071298,MATADOR,JACK LINKS FLAMIN HOT JERKY STICKS,.92 OZ
2840071294,MATADOR,JACK LINKS DORITOS SWEET CHILI JERKY,2.65 OZ
72790873880,MAUI FRESH INTERNATIONAL,PEPPER BELL TRICOLOR,3 CT
4525514493,MELISSA'S,MELISSAS PEEWEE DTCH YLLW POTATO 3LB,3 LB
66591862014,MI DULCE MEXICO,MDM JELLY STICK,14.1 OZ
66591862011,MI DULCE MEXICO,MDM MESH BAG FRUIT JELLY CUPS,11.29 OZ
66591896881,MI DULCE MEXICO,MI DULCE MX COCNUT CANDY ROLL,1.76 OZ
80415120401,MI PATRIA,BARRO CERAMIC POZOLE BOWL,1 CT
80415120402,MI PATRIA,CERAMIC MENUDO BOWL,1 CT
80415120405,MI PATRIA,CLAY POZOLE BOWL 7 OZ,1 CT
83081100277,MILANO,MILANO + XTRA VIRGIN OLIVE OIL,2 LT
83081100276,MILANO,MILANO PLU XTRA VIRG AVOCADO,2 LT
83081100173,MILANO,MILANO GRAPE SEED OIL PLUS,2 LT
2500012058,MINUTE MAID,MINUTE MAID ZERO SUGAR FRUIT PUNCH,52 OZ
2500013379,MINUTE MAID,MM AGUAS FRESCAS STRAWBERRY,52 OZ
1740014004,MINUTE RC,MINUTE RC WG BRWN RICE 2 PK,8.8 OZ
7093499753,MY MOCHI,MY/MO MOCHI GUAVA,6 CT
4400002682,NABISCO,HONEY MAID FRESH STACKS,12.2 OZ
7744950614,NO BRAND LISTED,JELLY BEANS,3.5 OZ
88810901001,NO BRAND LISTED,CHOCOLATE CUPCAKE SS,3.17 OZ
84291800286,NUTRIOLI,OLI OLIVE CKNG OIL,25.3 FL
84291800288,NUTRIOLI,OLI EX VRGN OLIVE OIL,25.3 FL
84291800259,NUTRIOLI,NUTRIOLI SOYBEAN OIL SPRAY,6 OZ
7187154860,OSCAR MAYER,OSCAR MAYER TURKEY BACON 12OZ,12 OZ
64843612203,PALDO,PALDO KING CUP (LIME LOBSTER),3.88 OZ
88561600924,PALERMO,PALERMO REFINED COCO OIL,16 FL
3500097561,PALMOLIVE,PALMOLIVE ES DSH LQ APPLE PEAR,25 OZ
750954665712,PALMOLIVE,PALMOLIVE APPLE/GARDENIA LIQ SOAP,7.47 OZ
6927607035,PATAKS,PATAKS MANGO CHICKEN SAUCE,15.00 OZ
7473417426,PAYASO,PAYASO SALADITAS SALTED CRACKERS,12.35 OZ
7473414257,PAYASO,PAYASO ROLL SNACK CRACKERS,4.05 OZ
1200003065,PEPSI,PEPSI MADE W/REAL SUGAR COLA,20 OZ
1200018420,PEPSI,PEPSI MANGO,20 OZ
2900007827,PLANTERS,PLANTERS OIL PEANUT,24 FL
7153700363,POLAR,POLAR SELTZER RASPBERRY LIME,8X12 OZ
7153700364,POLAR,POLAR SELTZER CRANBERRY LIME,8X12 OZ
7064000239,POLAR TREATS,POLAR TREAT CHOC SWIRL CUP,12X3 OZ
7064000240,POLAR TREATS,POLAR TREAT STRAWBERRY SWIRL CUP,12X3 OZ
#N/A,PRODIANA,PRODIANA PICNIC WAFER CHOCOLATE,4.8 OZ
3000056729,QUAKER,QUAKER APPLE CINNAMON INST OAT,12.1 OZ
85391200244,QUEEN ELEPHANT,QUEEN ELEPHANT LONG GRAIN RICE,4 LB
88884900000,QUEST,QUEST BAR COOKIES & CRM,2.12 OZ
9990092440,RAISINETS,RAISINETS DK CH CVRD RAISINS,8 OZ
81003781039,RAMEN EXPRESS,RAMEN EXPRESS SHRIMP CUP,2.25 OZ
8496428054,RAMONA'S,RMNAS BEEF PTTO & GREEN CHL,10 OZ
8496408048,RAMONA'S,RMNAS POTATO & BEEF BURRITO,5 OZ
#N/A,RAO'S HOMEMADE,RAO'S TOMATO BASIL SOUP,16 OZ
61126900128,RED BULL,RED BULL SUMMER EDITION STRAWBERRY,12 OZ
61126900128,RED BULL,RED BULL SUMMER EDITION STRAWBERRY,12 OZ
3400021463,REESE'S,REESE'S DIPPED PRETZELS POUCH,8.5 OZ
4869600201,REYNALDO'S,REYNALDOS RICE PDDNG NO SGR/AD,7 OZ
4869638247,REYNALDO'S,REYNALDOS TRADTNL RICE PUDDING,7 OZ
8226992025,REYNERA,ACS REYN PLUNGER ECONOMY BOWL,1 CT
8226902018,REYNERA,REYNERA BOTTLE BRUSH,1 EA
8226902000,REYNERA,REYNERA ERGO BOWL BRUSH,1 CT
8226902003,REYNERA,REYNERA TILE BRUSH,1 EA
8226902006,REYNERA,REYNERA BRUSH DISH SINK,1 EA
8226902010,REYNERA,REYNERA DUST PAN BRUSH SET,1 EA
8226902102,REYNERA,REYNERA BOWL BRUSH W CADDY,1 EA
8226903012,REYNERA,REYNERA DECK FLOOR SCRUB BRUSH 12 IN,1 EA
75686910151,RIQUITAS,RIQUITAS PLANTAIN CHIPS,3 OZ
4400005824,RITZ,RITZ ORIGINAL CRACKERS FAM SIZE,20.5 OZ
#N/A,ROYAL DANISH,ROYAL DANISH COOKIES,16 OZ
74504210056,ROYAL KUSHA PRODUCT OF INDIA,ROYAL BASMARI WHITE RICE,5 LB
74504210101,ROYAL KUSHA PRODUCT OF INDIA,ROYAL KUSHA RICE BASMATI,10 LB
74872922005,SABOR COOL,COOL DAIRY BEVERAGE STRAWBERRY,5X2.1 OZ
74872922009,SABOR COOL,COOL DAIRY BEVERAGE PEACH,5X2.1 OZ
2840070147,SABRITAS,XL SABRITAS CHEETOS CHILI & CHS BLIT,6 OZ
2840070570,SABRITONE,SABRITONES CHILI & LIME,4 OZ
880107321121,SAM YANG,SAM YANG 2X SPICY BOWL,3.7 OZ
880107314377,SAM YANG,SAM YANG HABANERO LIME RAMEN 5PK,23.8 OZ
880107321586,SAM YANG,SAM YANG HABANERO LIME BOWL,3.88 OZ
8787268602,SAN ANTONIO WINE,FF SAN ANTONIO BLACKBERRY ORANGE,750 ML
2840070579,SANTITAS,SANTITAS CILANTRO LIME,10.5 OZ
4610000743,SARGENTO,SARGENTO PEPPER JACK CHEESE STICKS,9 OZ
4220000176,SHASTA,SHASTA APPLE,2 LT
2500013266,SIMPLY,SIMPLY MIXOLOGY LIME MARGARITA,52 OZ
63711810336,SINK FRESH,SINK FRESH DISP. DROPS ORANGE,12 CT
1416312371,SNOWTIME,SNOWTIME CHILI POPS,9.1 OZ
8982613042,SOL,SOL CHELADA MANGO & CHAMOY CAN,24 OZ
5210002027,SPICE CLASSICS,SPICE CLS LEMON,3.75 OZ
68044410541,SPICE WORLD,PEELED GARLIC 1LB PKG,1 LB
4138000067,SPRINGFIELD,SF RICE CALROSE MED GRAIN,32 OZ
4138009450,SPRINGFIELD,SF STEW VEGETABLES,24 OZ
#N/A,STAR FEAST,RAW SHRIMP 16/20CT 2LB BAG,2 LB
7940049601,SUAVE,SUAVE STRAWBERRY CONDITIONER,22.5 OZ
7940049598,SUAVE,SUAVE SHAMPOO STRAWBERRY,22.5 OZ
4820101828,SUERO PEDIATRICO,SUERO MANGO,33.8 OZ
#N/A,SUNORA LIQUOR,SUNORA CREAM DE BACANORA PINEAPPLE,750 ML
2857100401,SUPER LUCKY ELEPHANT,SUPER LUCKY JASMINE RICE,25 LB
85466100107,SUPREMAS,SUPREMAS BACON WRAPPED HOT DOGS 16OZ,16 OZ
85466100161,SUPREMAS,BACON WRAPPED JALAPENO HOT DOG,16 OZ
#N/A,TAKIS,TAKIS WAVES INTENSE NACHO WAVY CHIPS,8 OZ
66591862007,TALEEN,TALEEN CRUNCHY CHILI PEANUT,5 OZ
66591862008,TALEEN,TALEEN CHILI LIME PEANUT,5.5 OZ
18685200164,TALENTI,TALENTI ROMAN RASPBERRY SORBETTO BAR,6 CT
18685200165,TALENTI,TALENTI ALPHONSO MANGO SORBETTO BAR,6 CT
#N/A,TALENTI,TALENTI DARK CHOCOLATE GELATO BAR,6 CT
9518800522,TAMPICO,TAMPICO PEACH PUNCH,128 OZ
9518801729,TAMPICO,TAMPICO ZERO MANGO PUNCH,64 OZ
78070710549,TAPATIO,TAPTIO BIRRIA BOWL,3.8 OZ
#N/A,TATE'S BAKE SHOP,TATE'S COOKIES GF CHC,7 OZ
81029100102,TATE'S BAKE SHOP,TATE'S OATMEAL COOKIES,7 OZ
3022302115,TAYLOR FARMS,TF SHREDDED LETTUCE,8 OZ
3485605011,THE GUMMI FACTORY,GUMMI FUN MIX GUMMIES,5 OZ
1182258331,THRIFTY,THRIFTY STRAWBERRY,48 OZ
1182258326,THRIFTY,THRIFTY CHOCOLATE CHIP,48 OZ
1182258333,THRIFTY,THRIFTY CHOCOLATE,48 OZ
1182258338,THRIFTY,THRIFTY COTTON CANDY,48 OZ
1182263815,THRIFTY,THRIFTY CHOCOLATE MALT KRUNCH,16 OZ
79997595132,TIERRA MADRE,MOTHER EARTH HIBISCUS ORANGE,27 CT
2113618055,TOPO CHICO,TOPO CHICO TWIST GRAPEFRUIT,15.5 OZ
76839554136,TOPPS,TOPPS FINDER KEEPER CANDY & SURPRISE,0.7 OZ
8903631282,TORANI,TORANI FRNCH VNILA SYRUP,750 ML
7248898695,TORN & GLASSER,PUMPKIN SEEDS ROASTED & SALTED 10OZ,10 OZ
7248800650,TORN & GLASSER,CHILI PEANUTS CUP 7OZ,7 OZ
7248800686,TORN & GLASSER,BANANA NUT GRANOLA CUP 5OZ,5 OZ
7248898735,TORN & GLASSER,GRANOLA BANANA NUT 11OZ,11 OZ
7248800400,TORN & GLASSER,T&G RAISINS SEEDLESS 13OZ,13 OZ
7248800647,TORN & GLASSER,CHOCOLATE NUT TRAIL MIX CUP 8OZ,8 OZ
7248800685,TORN & GLASSER,TROPICAL FRUIT TRAIL MIX CUP 5OZ,5 OZ
7248898726,TORN & GLASSER,MIXED NUTS ROASTED & SALTED 9OZ,9 OZ
61352202100,TRES ESTRELLAS,TRES ESTRELLAS RICE FLOUR,17.64 OZ
61352202102,TRES ESTRELLAS,TRES ESTRELLAS FLOUR HOT CAKES,17.64 OZ
8610607346,TRU BLU,TRU-BLUE LEMON SANDWICH CREME,20 OZ
8610600276,TRU BLU,TRU BLU CHOC CHIP COOKIES,12 OZ
8610600278,TRU BLU,TRU BLU ICED OATML COOKIES,12 OZ
8610607213,TRU BLU,TRU BLU UNSALTED CRACKERS,16 OZ
72259600101,TUNY,TUNY YELLOW FIN TUNA IN OIL,5 OZ
5480042339,UNCLE BEN'S,BENS READY RICE JASMINE,8.5 OZ
81127902038,UNIMAX SUERO,UNIMAX SUERO GRAPE-BERRY,33.8 OZ
81127902040,UNIMAX SUERO,UNIMAX SUERO STRAWBERRY-KIWI,33.8 OZ
81127902042,UNIMAX SUERO,UNIMAX SUERO CUCUMBER-LIME,33.8 OZ
81127902054,UNIMAX SUERO,UNIMAX SUERO COCONUT-LIME,33.8 OZ
81127902059,UNIMAX SUERO,UNIMAX SUERO WATERMELON LIME,33.8 OZ
1600100008,VAL VITA,VAL VITA HABANERO TOMATO SAUCE,8 OZ
1600100009,VAL VITA,VAL VITA HOT & SPICY TOMATO SAUCE,8 OZ
1600100010,VAL VITA,VALVITA TOMATO SAUCE POUCH,7 OZ
1600100011,VAL VITA,VALVITA TOMATO SAUCE POUCH,7 OZ
73290100112,VAL VITA,VAL VITA TOMATO SAUCE,8 OZ
81000687067,VILOE,PANDA JELLY,18 CT
81000687145,VILOE,JELLY MINI SOCCER JAR 13 CT,13 CT
85571300210,VILOE,VILOE PR ALOE VERA MANGO,1.5 LT
#N/A,VMI HOUSEWARES,VM UMBRELLA-ORANGE 9FT,9 FT
81655901106,VO5,VO5 SHMP KIWI LIME,15.00 OZ
81655901107,VO5,VO5 COND KIWI LIME,15 OZ
3213421225,WARHEADS,WARHEADS OOZE CHEWZ CANDY,3 OZ
#N/A,WILD HARVEST,WH PEACH SL IN JC ORG,15 OZ
71153550548,WILD HARVEST,WH PEAR SLC IN JC ORG,15 OZ
5023360033,WILMAR,GROUND BEEF 73% LEAN 1LB CHUB,1 LB
5023360034,WILMAR,GROUND BEEF 73% LEAN 3LB CHUB,3 LB
5023360035,WILMAR,GROUND BEEF 85% LEAN 1LB CHUB,1 LB
5023360045,WILMAR,GROUND BEEF 93% LEAN 1LB CHUB,1 LB
64523005723,YOPLAIT,YOPLAIT SMOOTHIE STRAWBERRY,84 FL
64523005731,YOPLAIT,YOPLAIT SMOOTHIE MANGO,4X7 OZ
64523005731,YOPLAIT,YOPLAIT SMOOTHIE MANGO,4X7 OZ
64523005733,YOPLAIT,YOPLAIT SMOOTHIE PEACH,7 OZ
64523005884,YOPLAIT,YOPLAIT STRAWBERRY SMOOTHIE,7 OZ
64523005884,YOPLAIT,YOPLAIT STRAWBERRY SMOOTHIE,7 OZ
76544612006,ZORRITONE,ZORRITONE SYRUP,4 OZ
83010800112,ZUKO,ZUKO ATOLE CHOCOLATE,1.6 OZ
20083200000,,COLBY JACK LONGHORN CHEESE,LB
20087800000,,BELLA SHREDDED MONTEREY JACK CHEESE,LB
750302077127,,EXCELSIOR CINCHO CHEESE,1 LB
750302077163,,EXCELSIOR COTIJA CHEESE,1 LB
#N/A,,BACON/CHEDDAR/JALAPENO HAMBURGER PAT,LB
20067800000,,CARDENAS SOUR CREAM NO SALT,LB
20068100000,,SOUR CREAM WITH SALT,LB
20068500000,,BULK OAXACA CREAM,LB
20072200000,,CENTRAL AMERICAN CREAM,LB
20091500000,,GREEN MUSSELS,LB
20098400000,,SEAFOOD COMBO MIX,LB
20016000000,,BEEF CHUCK SHORT RIBS,LB
20016200000,,BEEF FLANKEN RIBS,LB
20016300000,,MARINATED BEEF FLANKEN RIBS,LB
20030500000,,NIPPON TERIYAKI CHICKEN HALF LEGS,LB
#N/A,,BABY BACK PORK RIBS,LB
20060600000,,CHICKEN BUFFALO WINGS,LB
20073000000,,CHICKEN WHOLE FRYER,LB
20073400000,,RANCH STYLE CHICKEN,LB
20073600000,,CHICKEN LEG QUARTERS,LB
20073800000,,MARINATED CHICKEN LEG QUARTERS,LB
20074200000,,MARINATED CHICKEN DRUMSTICKS,LB
#N/A,,MARINATED YELLOW CHICKEN DRUMSTICK,LB
20076000000,,BNLS CHICKEN BREAST FILLET,LB
20077200000,,BNLS SKNLS CHICKEN LEG MEAT,LB
20077800000,,MARINATED BNLS CHICKEN LEG MEAT,LB
20078000000,,MARINATED CHICKEN FAJITAS,LB
20078600000,,CHICKEN FEET,LB
#N/A,,GROUND CHICKEN MEAT,LB
20185400000,,BONELESS CHICKEN BREAST FILLET,LB
20079600000,,MARINATED BNLS CHICKEN BREAST,LB
#N/A,,BREADED BONELESS CHICKEN BREAST CHUN,LB
20118200000,,EXTRA LEAN BONELESS CHICKEN BREAST F,LB
20118400000,,EXTRA LEAN BNLS CHICKEN BREAST STRIP,LB
20118500000,,EXTRA LEAN BNLS CHICKEN BREAST CUBES,LB
#N/A,,EXTRA LEAN CHICKEN BREAST FILLET FP,LB
20154600000,,3 PK-PORK/CHICKEN/BEEF FOR TACOS,LB
20185600000,,BONELESS CHICKEN BUFFALO WINGS TP,LB
20186900000,,GROUND EXTRA LEAN CHICKEN TP,LB
26081300000,,FOSTER FARMS CHICKEN LIVER CUP,LB
26087300000,,FOSTER FARMS CHICKEN THIGHS VP,LB
20074400000,,BONE IN CHICKEN THIGH,LB
#N/A,,BONE IN SPLIT CHICKEN BREAST,LB
20075600000,,BONE IN CHICKEN THIGHS,LB
81000687066,,JELLY JAR COW/CHICKEN,EA
#N/A,,BEEF CHUCK BLADE STEAK,LB
20012000000,,BNLS BEEF CHUCK STEAK,LB
#N/A,,BEEF FLAT IRON STEAK,LB
20018000000,,BEEF TOP SIRLOIN STEAK,LB
20023000000,,BEEF TOP ROUND STEAK,LB
20025000000,,BEEF SIRLOIN TIP STEAK,LB
20028600000,,BEEF SOUP MIX,LB
#N/A,,PORK SHOULDER BUTT STEAK,LB
20039800000,,BONELESS PORK LOIN STEAK,LB
20121200000,,BONELESS BEEF ROUND BREAKFAST STEAK,LB
20150400000,,ASSORTED PORK FOR SOUP,LB
20229700000,,BONELESS COUNTRY STYLE BEEF STEAK VP,LB
20234400000,,BONELESS PORK LOIN STEAK VP,LB
20011600000,,BONE IN BEEF CHUCK STEAK,LB
20016800000,,BEEF T-BONE STEAK,LB
#N/A,,MARINATED BONE IN BEEF CHUCK STEAK F,LB
#N/A,,USDA CHOICE T-BONE/ PORTRHS STEAK,LB
3177,,10 BEAN SOUP,LB
#N/A,,SUPER SOUP MIX,LB
70557120263,,10 BEANS SOUP MIX 5LB BAG,5 LB
20060000000,,BREADED CHICKEN NUGGETS,LB
1117905082,,HOT PINK TABLE COVER LONG,1 EA
1117999153,,NEON YELLOW TABLE COVER LONG,1 EA
#N/A,,BISTRO TABLE & CHAIRS,3 CT
81138102276,,CITRONELLA CANDLE BUCKET,1 EA
76460800927,,CRYSTAL CLEAR TAPE,1 EA
#N/A,,ALUMINUM FOIL ROASTER RECT,1 EA
#N/A,,ALUMINUM FOIL ROASTER OVAL,1 EA
1996422416,,RAW HEADLESS WHITE SHRIMP 61/70,LB
7562712203,,OCSP EZP WHITE SHRIMP 31/40,1 LB
20034100000,,SKATE WING FILLET,LB
20036200000,,FOSTER FARM HICKORY SMKD TURKEY HAM,LB
20047200000,,MUTTON ASSORTED,LB
20053900000,,HAM END & PIECES,LB
20082300000,,RAW WHITE SHRIMP 36/40,LB
20084000000,,RAW BROKEN SHRIMP FOR CEVICHE,LB
20084200000,,CATFISH FILLET,LB
20084400000,,TILAPIA FISH FILLET,LB
20085000000,,SWAI FISH FILLET,LB
20085200000,,GROUND TILAPIA FILLET,LB
20091200000,,RAW WHITE HEAD ON SHRIMP,LB
1996422416,,RAW HEADLESS WHITE SHRIMP 61/70,LB
20095600000,,COOKED SHRIMP 100/200,LB
20164100000,,HAM ENDS & PIECES TP,LB
20212000000,,RAW HEADLESS WHITE SHRIMP 16/20 TP,LB
#N/A,,RAW HEADLESS WHITE SHRIMP 13/15 TP,LB
20282300000,,RAW WHITE SHRIMP 36/40 TP,LB
#N/A,,SUNRISE SMOKED BACON,16 OZ
4311541820,,RM BEEF PATTIES 85% 48OZ,3 LB
20001200000,,LAMB LEGS TP,LB
20010000000,,GROUND BEEF 73% LEAN,LB
20010400000,,GROUND BEEF 85% LEAN,LB
20010600000,,GROUND BEEF 95% EX LEAN,LB
20019200000,,MARINATED BEEF FLAP MEAT,LB
20019500000,,BEEF FLAP MEAT STRIPS,LB
#N/A,,USDA CHOICE BEEF FLAP MEAT,LB
#N/A,,BEEF ROUND SIRLOIN TIP ROAST,LB
#N/A,,BEEF MARROW GUTS VP,LB
20024500000,,BEEF HEAD MEAT,LB
20024800000,,BONELESS BEEF EYE OF ROUND ROAST,LB
20026000000,,BEEF SHANK CENTER CUT,LB
20028400000,,BEEF MEAT DICED FOR TACOS,LB
20029200000,,BEEF OXTAILS,LB
20029600000,,BEEF FEET SKIN ON,LB
20029800000,,BEEF TENDONS,LB
20030600000,,BEEF BOOK TRIPE,LB
20030800000,,BEEF TRIPE MIX,LB
20031000000,,BEEF MARROW GUTTS,LB
20031400000,,BEEF HEAD WHOLE,EA
20031800000,,BEEF CHEEKS,LB
20032200000,,BEEF TONGUE,LB
20032600000,,BEEF LIVER,LB
#N/A,,BEEF KIDNEYS,LB
20035300000,,PORK BUTT ROAST,LB
#N/A,,FRESH COUNTRY STYLE PORK STRIPS,LB
20036000000,,PORK MEAT PASTOR,LB
20036600000,,BNLS PORK CUSHION MEAT,LB
#N/A,,BEEF TAMALE MEAT VP,1 LB
20038400000,,CENTER CUT PORK LOIN CHOPS,LB
20038800000,,PORK SIRLOIN END CHOP,LB
20039000000,,PORK SIRLOIN END CHOP ROAST,LB
20039200000,,BONELESS PORK LOIN ROAST,LB
#N/A,,BNLS PORK LEG,LB
20040600000,,WHOLE BNLS PORK LEG,LB
#N/A,,PORK SHANKS,LB
20041200000,,PORK SPARERIBS,LB
20042600000,,PORK NECKBONES,LB
20043000000,,PORK FEET,LB
20044200000,,PORK STOMACH,LB
20044400000,,PORK SKIN,LB
20050000000,,SMOKED PORK LOIN CHOP,LB
20057600000,,PORK DRY CHORIZO,LB
20067400000,,BEEF WHITE TRIPE,LB
20089000000,,BONELESS PORK LOIN FOR TAMALS IN BAG,LB
20091600000,,BEEF EYE OF THE ROUND IN BAG,LB
20100200000,,GROUND BEEF 73% LEAN FP,LB
#N/A,,BEEF CHUCK NECKBONES TP,LB
20114200000,,BEEF FLAP MEAT FP,LB
20121600000,,DICED BEEF MEAT FOR TACOS SP,LB
#N/A,,EXTRA LEAN BEEF FAJITA STRIPS MP,LB
#N/A,,BONELESS BEEF EYE OF THE ROUND STEA,LB
#N/A,,BEEF EYE OF THE ROUND VP,LB
#N/A,,BONELESS BEEF EYE OF THE ROUND VP,LB
20126000000,,BONELESS BEEF SHANK FP,LB
20127600000,,RANCHERA STYLE BEEF BRISKET VP,LB
20136000000,,BEEF TONGUE FP,LB
20139200000,,WHOLE PORK SHOULDER PICNIC VP,LB
20145700000,,PORK LOIN FAT SP,LB
20146100000,,PORK SIRLOIN END ROAST VP,LB
20146200000,,BONELESS PORK LOIN ROAST MP,LB
#N/A,,PORK SPARERIBS FP,LB
20149400000,,PORK RIB STRIPS FP,LB
20157200000,,EXTRA LEAN BONLESS PORK LOIN CHOPS T,LB
20161000000,,SMOKED PORK LOIN CHOP FP,LB
20229000000,,SEASONED BEEF FLAP MEAT FOR CARNE AS,LB
20234500000,,BONELESS PORK LOIN CHOP VP,LB
#N/A,,PRESSED PORK RINDS 1LB,1 LB
20052400000,,PORK BACON ENDS,LB
20059200000,,PORK BLOOD SAUSAGE,LB
20027400000,,BEEF ROSE MEAT,LB
20054600000,,BAR-S PORK HAM,LB
#N/A,,BEEF CHUCK 7 BONE ROAST,LB
20011800000,,BEEF CHUCK NECK BONE,LB
#N/A,,BONE IN THICK CUT PORTERHOUSE PORK C,LB
20088700000,,BAR M BLACK FOREST HAM,LB
#N/A,,BAR M HONEY HAM,LB
20030400000,,BEEF HONEY COMB TRIPE,LB
20028200000,,BONLESS BEEF STEW MEAT,LB
20036800000,,PORK FOR STEW,LB
20120600000,,EXTRA LEAN BEEF STEW MEAT TP,LB
20157600000,,EXTRA LEAN PORK STEW MEAT,LB
3171,,RICE LONG GRAIN,LB
692110122050,,MDM JELLY STICKS,42.33 OZ
#N/A,,SUPREMAS HONEY NATURAL 16OZ,16 OZ
66591860015,,MDM FRUIT JELLY JAR,49.385 OZ
3181,,CHILI JAPONES DRY,LB
3182,,CHILI NEGRO DRY,LB
3183,,CHILI NEW MEXICO DRY,LB
3184,,CHILI PASILLA DRY,LB
3185,,CHILI DE ARBOL DRY,LB
3186,,CHILI GUAJILLO DRY,LB
3188,,CHILI CALIFORNIA DRY,LB
3190,,CHILI ANCHO DRY,LB
3228,,DRY TOASTED ARBOL CHILI PODS,LB
4622,,CHILI ARBOL DRY,LB
3240,,APPLE AURORA,LB
4074,,YAM MEDIUM,LB
4091,,YAM CERRO POTATO,LB
4231,,BANANA LEAF CENTRAL AMERICAN,LB
4232,,BANANA LEAVES MX,LB
4436,,EMPRESS PRUNE PLUM,LB
4610,,GARLIC 5CT,5 CT
4654,,MUSHROOM WHOLE WHITE 8OZ,8 OZ
4710,,PEPPER CHILACA,LB
4711,,CHILE MANZANO PEPPER,LB
4730,,POTATO BAKING BAG 5LB,5 LB
4772,,PEPPER YELLOW (CHILE GUERITO),LB
4817,,YAM JUMBO,LB
4822,,PEPPER ARBOL FRESH,LB
1200022147,,STARRY LEMON LIME,12X12 OZ
1200022151,,STARRY LEMON LIME,12X12 OZ
1200022160,,STARRY LEMON LIME,12X12 OZ
2500013407,,MINUTE MAID AGUA FRESCA STRAWBERRY,6X12 OZ
2500013411,,MINUTE MAID AGUA FRESCA MANGO,6X12 OZ
3354400205,,CORONA REFRESCA GUAVA LIME CAN,24 OZ
5200005285,,GATORLYTE ZERO STRAWBERRY KIWI,20 OZ
5200005286,,GATORLYTE LEMON LIME,20 OZ
5200005287,,GATORLYTE LIME CUCUMBER,20 OZ
6827435135,,NESTLE SPLASH LEMON,12X8 OZ
6827435141,,NESTLE SPLASH ACAI GRAPE,12X8 OZ
6827435186,,SPLASH FIZZ BLOOD ORANGE,20 OZ
6827435189,,SPLASH FIZZ RASPBERRY,20 OZ
7031001714,,SEAGRAMS STRAWBERRY DAIQUIRI,7.5 OZ
7031001716,,SEAGRAMS PEACH BELLINI,7.5 OZ
7618300898,,SNAPPLE ELEMENT EARTH CHERRY & FIG,15.9 OZ
7800003633,,SUNKIST MANGO ORANGE,20 OZ
7800003636,,SUNKIST MANGO ORANGE,20 OZ
8974477184,,RIUNITE FRESHERS PEACH ROSEHIP,750 ML
8982623101,,DOS EQUIS MANGO MARGARITA CANS,4X12 OZ
20064600000,,RASPBERRY PARFAIT,LB
61300874038,,ARIZONA MUCHO MANGO,22 OZ
65832515041,,LUCIA MACHA SPICY GARLIC SALSA 5.29O,5.29 OZ
70557120207,,CAL-MEX HIDRATED LIME,8 OZ
81011383058,,BODY ARMOR FLASH IV STRAWBERRY KIWI,20 OZ
81011383066,,BODY ARMOR FLASH IV GRAPE,20 OZ
81011383068,,BODY ARMOR FLASH IV ORANGE,20 OZ
81062803242,,GOLDEN ROAD MANGO CART 12PK CANS,12X12 OZ
81515402545,,REIGN STORM VALENCIA ORANGE,12 OZ
81515402548,,REIGN STORM HARVEST GRAPE,12 OZ
81515402551,,REIGN STORM KIWI BLEND,12 OZ
85113300651,,BEATBOX JUICY MANGO PUNCH,16.9 OZ
88567771110,,ONION BROWN BAG 3LB,3 LB
88567771110,,ONION BROWN BAG 3LB,3 LB
7800003761,,DR PEPPER STRAWBERRY & CREAM,12X12 OZ
#N/A,,POTATO SALAD,LB
20062200000,,SWEET POTATO WITH HONEY,LB
#N/A,,SIMPLE FD AVOCADO OIL,16.9 OZ
20040300000,,BEEF JERKY FRESH (CURED BEEF),LB